{"cameraMode":{"drawMode":0,"name":"Shaded","section":"Shading Mode"},"sceneLighting":true,"audioPlay":false,"sceneViewState":{"m_AlwaysRefresh":false,"showFog":true,"showSkybox":true,"showFlares":true,"showImageEffects":true,"showParticleSystems":true,"showVisualEffectGraphs":true,"m_FxEnabled":true},"in2DMode":false,"pivot":{"x":-162.10394287109376,"y":4.104310035705566,"z":-48.999202728271487},"rotation":{"x":0.0009126160875894129,"y":-0.8246980905532837,"z":-0.0002524453739169985,"w":0.5661673545837402},"size":25.04961395263672,"orthographic":false}