{"cameraMode":{"drawMode":0,"name":"Shaded","section":"Shading Mode"},"sceneLighting":true,"audioPlay":false,"sceneViewState":{"m_AlwaysRefresh":false,"showFog":true,"showSkybox":true,"showFlares":true,"showImageEffects":true,"showParticleSystems":true,"showVisualEffectGraphs":true,"m_FxEnabled":true},"in2DMode":false,"pivot":{"x":-134.9664306640625,"y":0.7251697778701782,"z":-35.412437438964847},"rotation":{"x":0.0902244821190834,"y":0.24008764326572419,"z":-0.022071370854973794,"w":0.9665083289146423},"size":4.6234002113342289,"orthographic":false}