{"cameraMode":{"drawMode":0,"name":"Shaded","section":"Shading Mode"},"sceneLighting":true,"audioPlay":false,"sceneViewState":{"m_AlwaysRefresh":false,"showFog":true,"showSkybox":true,"showFlares":true,"showImageEffects":true,"showParticleSystems":true,"showVisualEffectGraphs":true,"m_FxEnabled":true},"in2DMode":false,"pivot":{"x":-141.59263610839845,"y":1.155085563659668,"z":-41.63198471069336},"rotation":{"x":-0.0034900130704045297,"y":-0.9943638443946838,"z":0.10227280110120774,"w":-0.03173331916332245},"size":0.3662625849246979,"orthographic":false}