{"cameraMode":{"drawMode":0,"name":"Shaded","section":"Shading Mode"},"sceneLighting":true,"audioPlay":false,"sceneViewState":{"m_AlwaysRefresh":false,"showFog":true,"showSkybox":true,"showFlares":true,"showImageEffects":true,"showParticleSystems":true,"showVisualEffectGraphs":true,"m_FxEnabled":true},"in2DMode":false,"pivot":{"x":-129.0070343017578,"y":1.9517943859100342,"z":-39.169742584228519},"rotation":{"x":-0.015901872888207437,"y":0.6815706491470337,"z":0.015210642479360104,"w":0.7316974997520447},"size":2.632781982421875,"orthographic":false}