{"cameraMode":{"drawMode":0,"name":"Shaded","section":"Shading Mode"},"sceneLighting":true,"audioPlay":false,"sceneViewState":{"m_AlwaysRefresh":false,"showFog":true,"showSkybox":true,"showFlares":true,"showImageEffects":true,"showParticleSystems":true,"showVisualEffectGraphs":true,"m_FxEnabled":true},"in2DMode":false,"pivot":{"x":-139.16502380371095,"y":1.4149446487426758,"z":-47.65681076049805},"rotation":{"x":-0.01954071596264839,"y":-0.9580371379852295,"z":0.0671643391251564,"w":-0.27826017141342165},"size":0.9671859741210938,"orthographic":false}