{"cameraMode":{"drawMode":0,"name":"Shaded","section":"Shading Mode"},"sceneLighting":true,"audioPlay":false,"sceneViewState":{"m_AlwaysRefresh":false,"showFog":true,"showSkybox":true,"showFlares":true,"showImageEffects":true,"showParticleSystems":true,"showVisualEffectGraphs":true,"m_FxEnabled":true},"in2DMode":false,"pivot":{"x":-164.71580505371095,"y":3.3839893341064455,"z":-34.04808807373047},"rotation":{"x":-0.011715279892086983,"y":0.9583480954170227,"z":-0.04189407452940941,"w":-0.2832306921482086},"size":24.850961685180665,"orthographic":false}