{"cameraMode":{"drawMode":0,"name":"Shaded","section":"Shading Mode"},"sceneLighting":true,"audioPlay":false,"sceneViewState":{"m_AlwaysRefresh":false,"showFog":true,"showSkybox":true,"showFlares":true,"showImageEffects":true,"showParticleSystems":true,"showVisualEffectGraphs":true,"m_FxEnabled":true},"in2DMode":false,"pivot":{"x":-144.452392578125,"y":1.9868011474609376,"z":-50.661983489990237},"rotation":{"x":0.011669895611703396,"y":0.980229377746582,"z":0.05984009802341461,"w":-0.18873092532157899},"size":1.0865734815597535,"orthographic":false}